workload,operations,total_time_ms,throughput_ops_sec,p50_us,p95_us,p99_us,db_size_bytes,wal_size_bytes,sstable_size_bytes
Sequential PUT,100000,660.064,151501,5.542,9.084,15.916,14387516,12500000,1887641
Random PUT,100000,628.967,158991,5.5,8.875,13.583,14367266,12500000,1867391
Existing-key GET,100000,269.281,371360,2.208,4.042,8.375,15231641,12500000,2731766
Missing-key GET,100000,303.821,329141,2.5,3.333,9.709,15764907,12500000,3264907
Mixed 50/50,100000,529.404,188892,5.042,8.542,12.958,22518532,18760750,3757907
Sequential PUT,1000000,6848.28,146022,5.875,9.125,14.291,143767455,125000000,18767580
Random PUT,1000000,6844,146113,5.834,9.167,14.333,144528080,125000000,19528205
Existing-key GET,1000000,20291.6,49281.4,17.167,35.959,120.5,180558266,125000000,55558391
Missing-key GET,1000000,27840.2,35919.3,26.75,38.291,47.167,194007298,125000000,69007423
Mixed 50/50,1000000,19605.3,51006.7,9.209,46.875,127.125,251905278,187482625,64423778
